depth,slope
0,0.0218771
80,-0.040117438
150,-0.029135155
230,-0.022081251
300,-0.019976252
610,-0.007432985
910,0.002156582
1220,0.005623586
1500,0.005048703